Company,RSS Feed URL
ASML,https://news.google.com/rss/search?q=%22ASML%22+(innovation+OR+HR+OR+production+OR+business+OR+strategy+OR+leadership+OR+sustainability+OR+ESG+OR+digital+transformation+OR+AI+OR+mergers+OR+acquisitions+OR+finance+OR+operations+OR+supply+chain+OR+management)&hl=en&gl=US&ceid=US:en
Bayer,https://news.google.com/rss/search?q=%22Bayer%22+(innovation+OR+HR+OR+production+OR+business+OR+strategy+OR+leadership+OR+sustainability+OR+ESG+OR+digital+transformation+OR+AI+OR+mergers+OR+acquisitions+OR+finance+OR+operations+OR+supply+chain+OR+management)&hl=en&gl=US&ceid=US:en
Coca Cola,https://news.google.com/rss/search?q=%22Coca+Cola%22+(innovation+OR+HR+OR+production+OR+business+OR+strategy+OR+leadership+OR+sustainability+OR+ESG+OR+digital+transformation+OR+AI+OR+mergers+OR+acquisitions+OR+finance+OR+operations+OR+supply+chain+OR+management)&hl=en&gl=US&ceid=US:en
Leonardo,https://news.google.com/rss/search?q=%22Leonardo%22+(innovation+OR+HR+OR+production+OR+business+OR+strategy+OR+leadership+OR+sustainability+OR+ESG+OR+digital+transformation+OR+AI+OR+mergers+OR+acquisitions+OR+finance+OR+operations+OR+supply+chain+OR+management)&hl=en&gl=US&ceid=US:en
OTIS,https://news.google.com/rss/search?q=%22OTIS%22+(innovation+OR+HR+OR+production+OR+business+OR+strategy+OR+leadership+OR+sustainability+OR+ESG+OR+digital+transformation+OR+AI+OR+mergers+OR+acquisitions+OR+finance+OR+operations+OR+supply+chain+OR+management)&hl=en&gl=US&ceid=US:en
Philips,https://news.google.com/rss/search?q=%22Philips%22+(innovation+OR+HR+OR+production+OR+business+OR+strategy+OR+leadership+OR+sustainability+OR+ESG+OR+digital+transformation+OR+AI+OR+mergers+OR+acquisitions+OR+finance+OR+operations+OR+supply+chain+OR+management)&hl=en&gl=US&ceid=US:en
Shell,https://news.google.com/rss/search?q=%22Shell%22+(innovation+OR+HR+OR+production+OR+business+OR+strategy+OR+leadership+OR+sustainability+OR+ESG+OR+digital+transformation+OR+AI+OR+mergers+OR+acquisitions+OR+finance+OR+operations+OR+supply+chain+OR+management)&hl=en&gl=US&ceid=US:en
AIRBUS,https://news.google.com/rss/search?q=%22AIRBUS%22+(innovation+OR+HR+OR+production+OR+business+OR+strategy+OR+leadership+OR+sustainability+OR+ESG+OR+digital+transformation+OR+AI+OR+mergers+OR+acquisitions+OR+finance+OR+operations+OR+supply+chain+OR+management)&hl=en&gl=US&ceid=US:en
BASF,https://news.google.com/rss/search?q=%22BASF%22+(innovation+OR+HR+OR+production+OR+business+OR+strategy+OR+leadership+OR+sustainability+OR+ESG+OR+digital+transformation+OR+AI+OR+mergers+OR+acquisitions+OR+finance+OR+operations+OR+supply+chain+OR+management)&hl=en&gl=US&ceid=US:en
CAF,https://news.google.com/rss/search?q=%22CAF%22+(innovation+OR+HR+OR+production+OR+business+OR+strategy+OR+leadership+OR+sustainability+OR+ESG+OR+digital+transformation+OR+AI+OR+mergers+OR+acquisitions+OR+finance+OR+operations+OR+supply+chain+OR+management)&hl=en&gl=US&ceid=US:en
E.ON,https://news.google.com/rss/search?q=%22E.ON%22+(innovation+OR+HR+OR+production+OR+business+OR+strategy+OR+leadership+OR+sustainability+OR+ESG+OR+digital+transformation+OR+AI+OR+mergers+OR+acquisitions+OR+finance+OR+operations+OR+supply+chain+OR+management)&hl=en&gl=US&ceid=US:en
EVONIK,https://news.google.com/rss/search?q=%22EVONIK%22+(innovation+OR+HR+OR+production+OR+business+OR+strategy+OR+leadership+OR+sustainability+OR+ESG+OR+digital+transformation+OR+AI+OR+mergers+OR+acquisitions+OR+finance+OR+operations+OR+supply+chain+OR+management)&hl=en&gl=US&ceid=US:en
Henkel,https://news.google.com/rss/search?q=%22Henkel%22+(innovation+OR+HR+OR+production+OR+business+OR+strategy+OR+leadership+OR+sustainability+OR+ESG+OR+digital+transformation+OR+AI+OR+mergers+OR+acquisitions+OR+finance+OR+operations+OR+supply+chain+OR+management)&hl=en&gl=US&ceid=US:en
KNDS,https://news.google.com/rss/search?q=%22KNDS%22+(innovation+OR+HR+OR+production+OR+business+OR+strategy+OR+leadership+OR+sustainability+OR+ESG+OR+digital+transformation+OR+AI+OR+mergers+OR+acquisitions+OR+finance+OR+operations+OR+supply+chain+OR+management)&hl=en&gl=US&ceid=US:en
